<?xml version="1.0" ?>
<mosinstall type="module">
    <name>Live Support chat</name>
    <creationDate>03/Feb/2012</creationDate>
    <author>Moplig.com</author>
    <copyright>GNU/GPL License</copyright>
    <authorEmail>support(at)moplig.com</authorEmail>
    <authorUrl>http://www.moplig.com</authorUrl>
    <version>1.0</version>
    <description>Shows live support chat icon</description>
     <files>
         <filename module="mod_livesupport">mod_livesupport.php</filename>
     </files>
	<params>
	 <param name="live_support_button" type="textarea" default="" label="Chat Button HTML code" description="Paste Live Chat button HTML code here." rows="5" cols="40" />
	</params>
</mosinstall>